EXT_SOURCE_1 EXT_SOURCE_2 EXT_SOURCE_3,PAYMENT_RATE,AMT_ANNUITY,EXT_SOURCE_2^2 EXT_SOURCE_3,EXT_SOURCE_3_x,CNT_DRAWINGS_ATM_CURRENT,NAME_FAMILY_STATUS_Married,CNT_DRAWINGS_CURRENT,NAME_CONTRACT_STATUS_Refused,EXT_SOURCE_1^2 DAYS_BIRTH,DAYS_ID_PUBLISH,CNT_PAYMENT,AMT_CREDIT,CODE_GENDER_M,PAYMENT_DIFF,DPD,NUM_INSTALMENT_NUMBER,AMT_CREDIT_MAX_OVERDUE,AMT_CREDIT_SUM_DEBT,OWN_CAR_AGE,NAME_EDUCATION_TYPE_Higher education,DAYS_EMPLOYED_PERC,REGION_RATING_CLIENT_W_CITY,AMT_GOODS_PRICE,EXT_SOURCE_2 EXT_SOURCE_3^2,EXT_SOURCE_2 EXT_SOURCE_3 DAYS_BIRTH,CNT_INSTALMENT_FUTURE,EXT_SOURCE_1_x,APP_CREDIT_PERC,DAYS_LAST_DUE_1ST_VERSION,OCCUPATION_TYPE_Core staff,AMT_PAYMENT
0.1556665227658852,0.07296,49248.0,0.1772981667258801,,,False,,False,4521.800984368267,-1158,36.0,675000.0,True,-5547.959999999999,0.7,5.2,0.0,0.0,,False,-0.0802832861189801,2,675000.0,0.1640708116908458,5428.209077132852,28.8,,0.7300002737501027,494.0,False,72175.8375
0.1416756220289272,0.1060888888888888,21483.0,0.2075949270532734,0.3774042489507649,,False,,False,3558.772661408475,-4688,10.0,202500.0,False,0.0,0.0,4.0,,175905.75,,False,-0.2110719170686055,1,202500.0,0.10563760496066,3888.17024341441,3.5,,1.1838235294117647,-1034.0,True,4331.2757142857145
0.0853132997850746,0.0361785714285714,18234.0,0.044181301660903,0.6430255641096323,,True,,False,3142.459539618196,-2093,8.0,504000.0,True,0.0,0.0,2.2857142857142856,0.0,14936.07375,14.0,False,-0.1048426544920919,3,504000.0,0.1083831108219267,2067.4562747478776,5.0,,1.030469292382936,-423.0,False,21391.032857142854
0.2580154021338797,0.051178354409591,56092.5,0.3444445327492282,0.7544061731797895,,False,,False,3047.155858814513,-4077,10.0,1096020.0,True,0.0,0.0,5.378378378378378,,0.0,13.0,True,-0.1564654447620649,2,900000.0,0.3845630009117187,6063.036724056487,4.9523809523809526,,1.0311386182615248,-1222.25,False,11525.527702702704
0.0848223987908128,0.05,33750.0,0.0448403494863266,0.6263042766749393,,True,,False,4458.009004475478,-961,21.33333333333333,675000.0,True,1186.7480357142856,1.8928571428571428,5.5,,140061.6,3.0,False,-0.0314349750014367,2,675000.0,0.1049572783094993,2916.093132174962,4.037037037037037,,0.9770626545961352,-690.5,False,28208.70482142857
0.0135023254382757,0.05,13500.0,0.0492528393159121,0.1198779608955348,,False,,False,278.64137884701046,-1674,18.0,270000.0,True,204.39,0.1612903225806451,10.258064516129032,0.0,33378.75,,True,-0.1101507092198581,2,270000.0,0.0092113791018678,693.4008919929165,11.3125,0.1757208364771542,0.912814821962752,-218.5,False,8439.900967741934
0.0662503394952944,0.0294333333333333,19867.5,0.0321136753418245,,,True,,False,5733.336216950562,-287,9.714285714285714,675000.0,False,0.0,0.0847457627118644,5.220338983050848,0.0,360000.0,,False,,2,675000.0,0.0698271329162701,2929.175663631599,5.444444444444445,,1.0037781478006964,-755.1428571428571,False,6241.193389830509
0.1620667075079618,0.1034333333333333,13963.5,0.3145107757678447,0.5478104658520093,,True,,False,1827.5467601661644,-2803,36.0,135000.0,False,1663.0135714285714,0.1714285714285714,17.314285714285713,,104766.75,,True,-0.0782449115782449,2,135000.0,0.2273857542679601,4975.99186595443,19.272727272727277,0.3904459134867964,0.9198616528074176,54.0,False,56542.46142857143
0.2127143871443159,0.05,9000.0,0.2113757347257825,0.6785676886853644,0.6521739130434783,False,3.652173913043478,False,3599.407919427031,-3151,9.666666666666666,180000.0,False,643.6411363636363,0.5,6.977272727272728,0.0,0.0,,True,-0.3820333041191937,2,180000.0,0.2569906537268877,4321.254029505388,6.857142857142857,0.561658986198145,0.957099691564928,-1058.6666666666667,False,13352.86431818182
0.064851217303571,0.0564708480565371,11506.5,0.0162643132451691,0.4206109640437848,,True,,False,9568.440659489514,-4588,13.333333333333334,203760.0,False,0.0,0.0,4.166666666666667,0.0,315789.0,,False,-0.4892701105114366,3,180000.0,0.0347887439566471,1287.2988514985343,10.61904761904762,0.7840792718317198,0.994920593764398,-742.6666666666666,True,21478.33
0.2419586138325981,0.02933,39595.5,0.3553752696127883,0.6430255641096323,0.0,False,0.5128205128205128,False,5049.814119143507,-3050,14.0,1350000.0,False,145.398417721519,0.1645569620253164,15.772151898734178,0.0,39855.0,,False,-0.0933488914819136,1,1350000.0,0.3073873279242929,9422.505043178544,11.17142857142857,,0.7015983543082982,-1114.6666666666667,False,17979.49253164557
0.2285580387194703,0.0805151442880992,30384.0,0.1970143179472855,0.5352762504724826,0.6,False,0.4615384615384615,False,8746.992408171527,-1199,16.0,377370.0,False,0.0,0.0,9.191489361702128,0.0,20921.14285714286,,False,-0.0941216445803601,2,315000.0,0.1738264484079116,5734.286591787984,9.0,0.7038151622013711,0.9058202217396916,-358.0,False,14905.911063829786
0.1582970680823046,0.0330455801104972,25839.0,0.3498610516700552,0.6925590674998008,,False,,False,1846.30960984983,-1407,11.0,781920.0,False,0.0,0.0,7.136363636363637,,72321.3,,False,-0.0401053044306279,2,675000.0,0.340904730964169,8787.946685724477,6.291666666666667,0.3215856510672951,1.0236175940557437,-1164.0,False,10500.308181818182
0.1393400920103885,0.0488771466314399,26640.0,0.1356928988264322,0.5585066276769286,,False,,False,2797.367985740346,-3515,12.0,545040.0,False,0.0,0.0833333333333333,6.5,3348.0,88678.83750000001,,False,-0.0824251305064566,2,450000.0,0.1537521002606134,3005.907360004974,6.0,,0.9924112445558928,-1701.0,True,9106.7925
0.1696727114624721,0.0482654600301659,40320.0,0.2095728225196806,0.470456116119975,0.4285714285714285,True,5.428571428571429,False,2533.6085524197583,-737,7.5,835380.0,False,-872.9196428571429,0.2857142857142857,4.964285714285714,0.0,0.0,,False,-0.2215051285006338,1,675000.0,0.1477223335794939,2724.5616425196813,7.0,0.5403621978610587,0.9130159074537644,-122.33333333333331,True,11669.0175
0.1154476443720041,0.0424964247407937,42790.5,0.0991883960275482,0.524496446363472,,True,0.0,False,5053.657009498494,-3220,6.0,1006920.0,True,0.0,0.0,4.5,,62692.2,,False,,2,900000.0,0.1196311448153982,4499.256341945151,7.555555555555555,,0.9690431519699813,-230.0,False,11249.611875
0.1767556575384596,0.0532770503518695,39586.5,0.228591692479293,,,True,,False,2239.124113505872,-1107,24.0,743031.0,True,0.0,0.0,11.0,,,,False,-0.1256292906178489,2,688500.0,0.1862985289836496,3052.118483211525,13.363636363636363,,0.8535251645784667,-304.0,False,8712.158571428572
0.2716827554171918,0.0293141246476667,50544.0,0.4160069558855764,0.6925590674998008,,True,,False,5372.360716272098,-557,33.0,1724220.0,True,0.0,0.0,3.5,,,7.0,False,-0.0111111111111111,2,1350000.0,0.3717367740604733,11255.819926219314,3.0,,0.9659650079559844,-1323.0,True,18369.0225
0.4292753209679065,0.0579039882587845,15268.5,0.3583372031642382,0.7713615919194317,0.0,False,0.0,False,15601.80724821272,-1358,17.5,263686.5,False,39.58263157894737,0.0614035087719298,74.14035087719299,0.0,5184.9,,True,,2,238500.0,0.4055393170777473,12303.478936043157,6.5625,0.8165089820133222,0.9250256545349652,-1178.5,False,2315.771447368421
0.1403201492752327,0.0292376237623762,13288.5,0.1416829256431301,0.5424451438613613,,False,,False,3016.668928664948,-3983,6.0,454500.0,True,0.0,0.2307692307692307,3.692307692307693,0.0,83232.0,,False,-0.0947770700636942,3,454500.0,0.1503808365692306,3264.356535663367,2.5294117647058822,,1.603017071660706,-2143.5,False,6048.8550000000005
0.1055647627715027,0.0426773998618784,17797.5,0.0553224470974988,0.7862666146611379,,True,,False,5941.364681500536,-4752,26.0,417024.0,False,136.8343820224719,0.0561797752808988,12.651685393258427,,48351.0,,False,,2,360000.0,0.163985498569373,4836.766087240431,11.489583333333334,,0.987219886547171,-1578.0,False,10046.766741573034
0.0999215197758333,0.0293572621035058,31653.0,0.1132251754702744,0.4276573700350293,,True,,False,4479.18397528375,-4477,35.0,1078200.0,True,0.0,0.0,5.5,,0.0,17.0,False,,2,900000.0,0.0941055944621437,4780.125333356708,5.083333333333333,0.4540875024643313,0.9921605153878992,-276.0,False,2494.224
0.1897035663428731,0.0396583020580371,58203.0,0.3182229211288258,0.5954562029091491,,True,,False,3346.762592985102,-1157,9.0,1467612.0,True,0.0,0.0,5.5,,0.0,,False,-0.1038474633980252,1,1350000.0,0.2592032631051396,7670.891461240983,4.619047619047619,0.4357976205223601,0.983860477052762,-740.0,True,10558.4325
0.2107965607985563,0.07995,7195.5,0.2259793992383568,0.7675231046555077,,True,,False,3173.4588551484258,-4152,13.0,90000.0,False,288.8595,0.18,10.54,,0.0,,False,-0.1093888754339226,2,90000.0,0.3196477204716145,5158.771494258856,9.910714285714286,,1.0661154914959208,-1571.75,False,8691.6744
0.1661538973637837,0.0574068672031847,30109.5,0.1642274146231267,0.656158373001177,,True,0.0,False,4776.456518558751,-2196,12.0,524493.0,False,775.0737931034483,0.5172413793103449,13.655172413793103,,128562.75,,False,-0.3903668740613602,2,486000.0,0.2153951105395015,6120.209093013073,11.791666666666666,,1.0,-10.0,False,3722.347241379311
0.1569750418085512,0.0544141344383057,42547.5,0.1356227113648483,0.7091891096653581,,True,,False,2409.748445267304,-2088,6.0,781920.0,True,0.0,0.0,3.5,,197691.75,15.0,False,-0.144163300021263,1,675000.0,0.2199425713923278,2917.106027604431,3.0,,1.0579083837510803,-757.0,False,12730.7625
0.0869382226576952,0.048732308760962,10102.5,0.0553012962160205,,0.0256410256410256,False,0.024390243902439,False,4128.289012017577,-4382,3.333333333333333,207306.0,False,0.0,0.1212121212121212,39.13131313131313,,0.0,,False,-0.3254313019734392,2,148500.0,0.0916319354024495,2767.774791287982,2.0,,0.8032756102263173,-2101.5,False,4051.2172727272728
0.0268195254640749,0.0668,6012.0,0.0138684044612703,0.3296550543128238,,True,,False,2133.8884000494586,-4549,15.0,90000.0,True,-37500.0,0.25,3.1666666666666665,0.0,503824.5,10.0,False,-0.1846936518469365,2,90000.0,0.0222896299124157,917.062385505596,11.909090909090908,0.3966504674256196,1.3230522669818194,-678.5,False,80052.24375000001
0.0192226227585781,0.051369119944454,21307.5,0.0346131959552514,0.0982185952628723,0.625,False,0.6666666666666666,False,1051.7938028233866,-2270,6.0,414792.0,False,0.0,0.0,6.727272727272728,,173592.0,,False,-0.046915366332541,3,315000.0,0.0057267922460922,564.2329583019748,7.0,0.3296817700876046,0.9453522253328002,-311.0,True,7121.963863636364
0.1723304124901415,0.0671862667719021,24516.0,0.1993515290992502,0.5814837058057234,0.7272727272727273,True,0.6923076923076923,False,3766.544933268116,-5170,15.833333333333334,364896.0,False,-544.4191071428575,0.1071428571428571,7.940476190476191,0.0,,,False,-0.1858250578152632,2,315000.0,0.197977624953384,5005.586593405113,13.307692307692308,,0.9198888318298204,-668.5,False,21417.976071428573
0.1628576680654591,0.0488771466314399,26640.0,0.1796676037836242,0.5762088360175724,,False,,False,3866.4600824977833,-1943,8.0,545040.0,False,527.0999999999999,1.2222222222222223,4.777777777777778,6245.55,35485.5,,False,-0.1648555526106546,2,450000.0,0.1853978777766583,4855.921319679305,3.6,,1.0,-332.0,False,4216.619999999999
0.024627629929167,0.0348325,62698.5,0.0078916727403033,0.520897599048938,,True,,False,2268.500814516225,-3987,17.333333333333332,1800000.0,False,3175.0580454545457,0.2636363636363636,8.736363636363636,0.0,2451547.5,6.0,False,-0.4239349593495935,2,1800000.0,0.033397431448626,985.7705419647816,8.046296296296296,0.3841155664950583,0.8648554993722054,-1137.571428571429,False,56400.95822727273
0.143700707758266,0.0426272727272727,21100.5,0.1808398481390643,0.5814837058057234,,True,,False,3490.761461658431,-1320,21.0,495000.0,False,0.0,0.0,3.0,,58671.0,,True,-0.1169554455445544,2,495000.0,0.1885616592636701,5764.343904403192,2.5,0.4431421551999519,1.0681818181818183,-1733.0,True,16223.112000000005
0.1387174648108448,0.095925,17266.5,0.2026431735192744,0.3706496323299817,,False,,True,2551.1668103308325,-2560,,180000.0,True,,,,,15556.5,,True,-0.0998192408114079,1,180000.0,0.1015807346881088,2729.1028178429005,,,,,True,
0.1170233444977765,0.0786910266193832,7888.5,0.1303424209917304,0.4101025731788671,,True,,False,3715.818780582285,-5132,12.0,100246.5,True,832.0485483870966,0.3548387096774194,7.032258064516129,,336564.0,17.0,False,-0.4063706563706564,2,81000.0,0.0948160007159129,3353.334907712954,9.090909090909092,,0.9631270791533176,-1014.0,False,7866.246774193548
0.0638488894044692,0.07958,17905.5,0.0765158548336428,0.2079641743053816,,False,,False,4215.650719420953,-2,15.0,225000.0,False,-573.1637499999999,3.2777777777777777,9.092592592592592,5004.0,96613.2,,False,-0.3301124278334852,2,225000.0,0.0262336370969103,2075.715684547541,6.943181818181818,,0.9198851803804768,-589.3333333333334,False,9683.377083333333
0.1612270276319594,0.0994528301886792,23719.5,0.1982123847178464,0.511891801533151,,True,,False,4815.397807489288,-2317,6.0,238500.0,False,0.0,0.0,3.5,0.0,409648.92,,True,-0.1580655458608214,2,238500.0,0.1630544493855439,5987.146935097385,2.625,,0.9498380957791286,-205.0,False,13994.2275
0.3024978915161149,0.0558371862615587,30433.5,0.4170564283416181,0.8564128001975257,,False,,False,5579.876795441407,-4716,15.0,545040.0,True,0.0,0.0,8.03921568627451,12285.36,0.0,7.0,False,-0.4126262626262626,2,450000.0,0.5118257534914559,13016.579047478974,9.754716981132075,,0.9469673588309044,-65.5,False,15818.637352941174
0.0003732301711487,0.0426122448979591,9396.0,1.825488712391174e-05,,,False,,False,319.1203038803459,-5486,36.0,220500.0,False,0.0,0.0,7.324324324324325,1783.575,89385.3,,False,,3,220500.0,0.0016648257330276,69.62238250867152,23.53846153846154,0.1195989682957458,0.9473258862702044,149.33333333333334,False,58025.73527027027
0.1327203446986279,0.119152808802846,32404.5,0.1288809706202245,,,True,,True,3879.0135243240743,-3507,,271957.5,False,,,,,280291.5,11.0,False,-0.0881051449706096,2,252000.0,0.1398857910852294,3970.166250896274,,,,,False,
0.1049811270239088,0.0483176361957525,29434.5,0.1298669696832509,0.3312508645909018,0.6818181818181818,False,0.6818181818181818,True,3266.969187119781,-5076,5.478260869565218,609187.5,True,74.75826923076924,0.0897435897435897,16.358974358974358,3876.615,72555.7275,,False,-0.0101160602258469,2,544500.0,0.0687044526639357,2644.8811883178782,7.5,,0.8697820885917676,-880.6666666666666,False,4332.936346153847
0.0089064576857665,0.067392156862745,15466.5,0.0341575326175146,,,False,,False,39.32204238119618,-1703,7.5,229500.0,True,0.0,0.0,3.1818181818181817,,,,False,-0.1041735857411712,3,229500.0,0.0720149145991457,1219.3685536987275,6.857142857142857,0.065978437800034,1.020161157411367,-29.33333333333333,False,6926.6618181818185
0.0765014975161107,0.039659285304163,30150.0,0.1445044293692958,0.2910973802776635,,True,0.0,True,1669.9759733242668,-4010,8.307692307692308,760225.5,True,1571.7000000000005,5.9523809523809526,3.1904761904761907,0.0,63792.2925,7.0,False,-0.2430225776889111,2,679500.0,0.0597032571823538,2461.781673460085,2.363636363636364,0.3730011822678255,1.1090994544400776,-1584.0,False,9316.787142857143
0.1510437748436393,0.0792970297029703,36040.5,0.159444886690218,0.5585066276769286,,True,,False,2608.553972965308,-2848,12.0,454500.0,True,294.9894,0.2,8.04,,3110994.0,,False,-0.0914358672166568,2,454500.0,0.1666663002617318,3038.4532343393976,7.384615384615385,,0.905870737823258,-480.0,False,9610.0596
0.1209484817300934,0.1153710247349823,5877.0,0.1070322458465021,,,False,,False,4132.900480443562,-4192,14.0,50940.0,False,817.7815384615385,0.5769230769230769,6.5,,0.0,,False,-0.0813910240515745,2,45000.0,0.1274783763242173,3854.83032834269,8.791666666666666,,1.2143167972149695,-532.0,False,8162.882307692308
0.1899317335619157,0.033259603332596,20299.5,0.2466355657247192,0.5709165417729987,0.1041666666666666,True,0.1041666666666666,True,4820.265468605605,-400,,610335.0,True,5.344597989949749,0.0,114.33668341708542,,320934.0,,False,-0.0513951634334307,2,463500.0,0.2142332081850439,7060.222496766053,,,,,False,1968.611381909548
0.105985852369313,0.0811333333333333,10953.0,0.1418041588016126,,,False,,False,1453.3871533479944,-204,13.0,135000.0,False,1359.27,1.375,6.5625,,,,False,-0.0478136493665713,3,135000.0,0.1467316117847875,2692.143338098017,8.5,0.3853396319245564,1.0555555555555556,56.0,False,4077.81
0.1275026136538011,0.0698422777901728,36625.5,0.0849669208151326,0.3996756156233169,,False,0.0,False,8224.391998793899,-717,10.0,524403.0,False,0.0,0.0,3.0,34119.0,92570.85,,True,-0.5071594877764842,2,495000.0,0.0736523178594773,3165.9345012891026,8.333333333333334,0.6918952055642276,0.6436304254366706,-725.0,True,46622.106
0.102287865037209,0.09742,43839.0,0.1275586327021766,0.3201633668633456,,True,,False,3317.695339805611,-5195,7.666666666666667,450000.0,True,8619.754090909091,0.4545454545454545,3.8181818181818175,,99417.375,,True,-0.1545173745173745,2,450000.0,0.0647012074153648,2617.040932064548,3.774193548387097,,1.1299939455290144,-1063.8,False,46880.97409090909
0.0521569296067126,0.06042,13594.5,0.0199038839463559,,,True,,True,3750.1486010868375,-412,9.0,225000.0,False,0.0,0.0,6.5,,,,False,-0.1058204672769504,2,225000.0,0.054972833103914,1508.3787065069232,6.0,,1.7436016793610556,-412.0,False,11502.0075
0.0665866156242695,0.0514125,18508.5,0.0376479789710496,0.4596904504249018,0.8181818181818182,True,0.9545454545454546,False,3079.6923304867382,-202,4.0,360000.0,False,0.0,0.1886792452830188,18.49056603773585,4992.03,81647.2425,26.0,False,-0.076699109891024,2,360000.0,0.0604740502405893,1581.4088747551325,6.0,,0.4570866609751899,-605.5,False,13768.51924528302
0.1088579907566147,0.0381714285714285,60120.0,0.0847115835657447,0.5460231970049609,,True,,False,4457.240426404481,-951,20.0,1575000.0,False,0.0,0.0,5.478260869565218,0.0,8496.818181818182,,True,-0.1726635245430509,2,1575000.0,0.1174324280144516,3741.762976009365,6.2,,0.9716206072133023,-408.6666666666667,False,43080.13760869565
0.1985755218473186,0.0322574257425742,14661.0,0.2363361410542958,0.6512602186973006,,True,,False,3226.4907420472487,-4809,12.4,454500.0,False,842.8451785714286,1.1785714285714286,5.071428571428571,0.0,136901.7,1.0,False,-0.1311735747181197,2,454500.0,0.255503524954892,4940.899660228622,4.7,,1.145391124871636,-1695.0,False,9718.37839285714
0.2871639684934568,0.05,16875.0,0.2704300245218481,,,True,,False,6856.236160766397,-1454,9.0,337500.0,False,0.0,0.0,4.838709677419355,,,,True,-0.1901625677365569,2,337500.0,0.2026313593566859,4556.039081556726,5.0606060606060606,0.7560364914389789,0.9710112602771142,-56.0,False,7833.401129032258
0.182520111051583,0.0700834724540901,18891.0,0.2437447357912911,,,False,,False,6313.100275172964,-4061,21.0,269550.0,False,1707.098161764706,0.1323529411764706,13.176470588235292,,,,True,-0.2033114195276357,2,225000.0,0.1923741999117831,8885.938648721625,15.17910447761194,,0.9479070752692402,100.75,False,32211.09397058824
0.1296834093959354,0.065103448275862,16992.0,0.1230502882949579,,,True,,False,6360.23973019414,-4629,11.0,261000.0,False,0.0,0.0,5.761904761904762,,,,False,,2,261000.0,0.136684894506363,6360.742339224344,5.5,,1.1962024161643594,-1715.0,False,8010.687857142856
0.1000755342014809,0.0293398533007334,37800.0,0.1182124378414802,0.4776491548517548,,True,,False,2402.4959051308874,-4923,7.333333333333333,1288350.0,False,377.4313636363637,0.4242424242424242,6.454545454545454,0.0,35279.1,1.0,False,-0.0803248431155407,2,1125000.0,0.1134998028900013,3218.58588993465,4.057142857142857,0.4211548664890785,0.9227931870668036,-683.0,False,6262.427727272727
0.1366814129018103,0.0812010919017288,10039.5,0.2055371420520443,0.7850520263728172,,False,,False,1168.4426701531854,-2756,16.0,123637.5,False,1218.3385135135134,1.0,11.35135135135135,,0.0,,False,-0.3036068172810147,2,112500.0,0.3153499853354594,4053.886806342816,9.454545454545457,0.3402632793907425,0.936622230218588,-386.5,False,6673.501216216216
0.1144369936047525,0.0465667239336957,26712.0,0.1588793506530652,0.3217352821966848,,False,,True,4633.75719004356,-1616,,573628.5,False,,,,,0.0,,False,-0.3645159506828108,2,463500.0,0.0727414178449372,4089.306014492609,,,,,False,
0.1704376309049501,0.1203769140164899,9198.0,0.270842471802923,0.6956219298394389,,True,,False,2072.85750319887,-4240,10.5,76410.0,True,0.0,0.0129870129870129,4.792207792207792,12546.945,55112.1375,4.0,False,-0.2239660815233561,3,67500.0,0.3019383529580582,5835.438825376133,6.091954022988506,0.3926634445933817,0.8953134777667664,-855.0,False,13553.348376623377
0.0206278962881294,0.0641200341414474,38538.0,0.0060322218065801,0.3606125659189888,0.25,True,0.2692307692307692,False,2545.868059835863,-3268,14.0,601029.0,False,-225.37993670886075,0.1392405063291139,19.21518987341772,16796.295,81410.4,,False,-0.1175566653860929,3,513000.0,0.0168189908880076,607.0203511893,18.3125,0.4422785326126263,0.8807079195986534,-292.0,False,10229.750316455697
0.3237991528607264,0.0560762378288792,30451.5,0.3214058073153664,0.6956219298394389,0.0210526315789473,True,0.031578947368421,True,9101.33741818928,-2938,,543037.5,False,71.80851063829788,0.3617021276595745,34.212765957446805,,127539.0,,False,-0.0655915086562242,3,463500.0,0.3289173307026018,9176.863581269705,,0.6847975785046473,,,True,3305.364893617021
0.1666465993804733,0.0543737923766028,55719.0,0.2031920480808813,,,True,,False,5187.133401161716,-3701,48.0,1024740.0,True,-26250.0,0.0,5.083333333333333,,,,False,-0.0049883933422235,2,900000.0,0.1756436922985312,6666.129887356728,35.81818181818182,,0.8440243079000675,825.0,False,78950.55375
0.1600039475389648,0.07768,34956.0,0.1615488309430529,,,True,0.0,True,4493.8608626307705,-4191,6.888888888888889,450000.0,True,0.0,0.0,5.5,,,4.0,False,-0.1082760444209413,2,450000.0,0.1566141918941523,4441.126670212854,5.5,0.5450282998240735,1.0987823876016507,-36.333333333333336,False,16299.639
0.1718823494466631,0.0293398533007334,37800.0,0.2213825944583163,0.520897599048938,,False,0.0,False,4981.410670824735,-1846,24.0,1288350.0,False,1045.577288135593,0.5254237288135594,8.067796610169491,23823.0,0.0,,False,-0.059812795721045,2,1125000.0,0.1768887731842207,6602.881856383554,11.524590163934429,,0.8739223064791432,-331.75,False,13063.677711864406
0.2518437823876899,0.0322583265637692,35739.0,0.1741971138981033,,,True,,False,12993.41663408574,-1588,18.0,1107900.0,False,1097.9775,0.35,10.2,,0.0,,True,-0.0304653850194348,2,900000.0,0.1626296329489678,5803.6542930184805,9.0,0.8261349982311178,1.0,-498.0,False,9877.47525
0.0473742049116331,0.0292379032258064,32629.5,0.0182715223710944,0.4794489811780563,,True,,False,4202.072506833331,-4764,20.0,1116000.0,False,-12118.35724137931,0.0,3.2413793103448274,0.0,29751.75,,False,-0.1252286306547982,3,1116000.0,0.0448746389252117,1535.1661105688695,16.633333333333333,,0.9709413427050172,-110.4,False,76822.20155172414
0.2040901553888565,0.0939775583715566,130554.0,0.3047599607151797,,0.2911392405063291,True,0.2911392405063291,False,5796.359618772352,-3973,16.5,1389204.0,False,-1012.8324107142856,0.2261904761904762,46.32738095238095,,,,False,-0.4189613259668508,1,1350000.0,0.2151087906236634,9122.78158113686,13.372093023255816,,0.7222596276778324,70.33333333333333,False,25944.823125000003
0.1742909768489366,0.029348054206392,35239.5,0.2631151024855386,,,True,,False,2588.5231428843485,-3758,25.5,1200744.0,False,0.0,0.0161290322580645,10.14516129032258,0.0,,,False,-0.1483153582476381,1,1048500.0,0.1998720618158878,4481.259704232944,16.666666666666668,0.46520275808183,1.002468101938538,-29.75,False,35931.85330645161
0.2117413568895245,0.0424784120133839,49873.5,0.3018705910270247,0.5797274227921155,2.4285714285714284,True,3.142857142857143,False,3287.7207950367115,-4067,14.5,1174090.5,True,0.0,0.0,6.428571428571429,,86364.4275,24.0,False,-0.0207278111119769,2,1080000.0,0.2425192234217143,5368.469856370555,5.416666666666667,,0.9973456681694868,-1233.0,False,7299.330428571428
0.0743438506306325,0.0420387791216716,59544.0,0.1979528879639043,,,False,,False,493.7472201340963,-2065,10.0,1416406.5,True,0.0,0.0,5.5,,,8.0,False,-0.0332838668645325,2,1269000.0,0.1733644815659232,3065.748522873975,5.0,0.2287728042976924,1.1111111111111112,-667.0,False,15740.7975
0.0959873670886228,0.05454,24543.0,0.1610960127846149,0.6041125998015721,,True,,False,1010.8220706739172,-2832,5.5,450000.0,True,0.0,0.0,3.272727272727273,382.5,440757.5014285714,,False,-0.2604664231525709,1,450000.0,0.1884600215440677,3330.815564328468,2.9285714285714284,0.3076895428798232,1.1543324342548886,-1476.0,True,14831.664545454543
0.0004794634791658,0.0441852955903617,42489.0,4.5202940668479e-06,0.1674084472266241,0.0,False,0.0,False,6494.325931254793,-18,18.0,961609.5,False,882.5557500000001,0.3,6.37,,12857.5,,False,,2,859500.0,0.0001456295128051,18.59683771233957,16.49019607843137,0.5511673767420501,0.8124837301673976,-581.3,False,26059.96035
0.2613623273934976,0.05,9000.0,0.3326297164116455,0.8016009030071296,,True,,False,5314.461168256958,-3557,6.0,180000.0,True,0.0,0.0,3.5,22441.5,3257.1,,False,-0.5536540686463556,2,180000.0,0.4139213419786858,10711.545216322556,3.5,,1.430276981852913,-1786.0,False,3811.9875
0.1486924998371222,0.0453568257232322,34938.0,0.214993832784838,0.4014074137749511,0.0,False,2.083333333333333,False,4267.401642868113,-147,7.0,770292.0,True,0.0,0.1612903225806451,8.193548387096774,25333.245,100694.4225,,False,-0.029537131536291,2,688500.0,0.1179209814582914,4893.307200479348,3.533333333333333,,0.9408629703173408,-274.0,True,27752.01241935484
0.217987692936272,0.0934983388704319,126643.5,0.2873274755894526,0.7738956942145427,,True,,False,4267.80113152522,-3499,10.0,1354500.0,True,0.0,0.0,5.5,,0.0,17.0,True,,2,1354500.0,0.3649322326563617,9417.369385647173,4.583333333333333,0.4622768883065445,1.0,-93.0,False,24556.113
0.2301457112657725,0.04236,9531.0,0.3383794591851984,0.6109913280868294,,True,,False,5215.058404407956,-3113,7.5,225000.0,True,-5000.0,0.0,3.2222222222222223,0.0,0.0,0.0,True,-0.1536156415798781,1,225000.0,0.2778142800841002,9255.757365820207,2.375,,1.0544429507115791,-1165.6666666666667,False,44767.8875
0.0090197151930624,0.0613140673558103,58774.5,0.0064539972996147,,,True,,False,241.46033524707065,-2885,12.0,958581.0,True,-951.419347826087,0.0,6.260869565217392,,,14.0,False,-0.1286818671102847,2,877500.0,0.0313035501461596,599.628854990447,6.375,0.1537158673916285,0.9132617687139886,-250.0,False,24032.570869565217
0.1328456724056593,0.0426191298342541,22216.5,0.1394831357178958,0.4938628816996244,0.0125,True,0.0125,False,5186.364823090718,-3624,3.0,521280.0,False,52.653000000000006,2.2222222222222223,38.54444444444445,26700.615,415712.25,,True,-0.394536652835408,2,450000.0,0.129619526422973,5313.251491742271,3.0,,0.5595178719866999,-2446.0,True,2453.156
0.0029285430621137,0.0483346936212958,27715.5,0.00029935608313,0.1293142889822697,0.0,True,7.4375,False,2354.394883976232,-595,9.333333333333334,573408.0,False,164.5736301369863,1.0410958904109588,17.34246575342466,,25963.4025,,True,-0.1505598946080737,3,495000.0,0.0008045699689491,66.11925973002512,8.576923076923077,0.4706892855146386,0.9746173945502052,-983.5,False,4487.044315068493
0.135065316746844,0.0562727825030376,16672.5,0.1391050108744123,0.511891801533151,,False,0.0,False,5385.93892885972,-2458,19.0,296280.0,False,-769.5201724137934,0.1034482758620689,4.896551724137931,,0.0,,False,,2,225000.0,0.1365962095605563,5609.900578580768,21.48148148148148,,0.956407385631544,398.0,False,22772.976206896557
0.0240211179291662,0.05,6750.0,0.023390248625746,,,True,,True,526.2747655818672,-356,,135000.0,False,,,,,,,False,-0.0212635093577014,3,135000.0,0.0595931885674294,1271.327897664981,,0.2150384205789551,,,False,
0.0292736402782824,0.05,9000.0,0.0886496582749844,0.4418358231994413,,False,,False,187.58536481970216,-1267,10.0,180000.0,False,0.0,0.0,4.636363636363637,0.0,0.0,0.0,False,-0.1480055983205038,3,180000.0,0.0874439807572455,1696.8852493298043,6.416666666666667,0.1479134737278933,0.9016217776237644,-322.0,False,9811.362272727272
0.1713823594448637,0.0275,8910.0,0.1875391584724532,0.6178261467332483,,False,,False,2780.8695443444512,-3294,5.0,324000.0,True,0.0,0.0,3.0,21852.945,2437053.0,13.0,True,-0.0162260711030082,2,324000.0,0.2103029706300472,3734.09833819755,3.0,0.503485530597371,1.0670696268743465,-2054.0,False,9070.083
0.042376168777653,0.0514132794001578,18760.5,0.0208572888960235,0.3360615207658242,,False,,False,3166.285459819116,-2203,14.0,364896.0,True,945.399,0.1333333333333333,7.866666666666666,10486.71,400293.0,65.0,True,-0.1242818998300833,2,315000.0,0.028135660236579,1034.7171674741833,7.0,,0.890314103366287,-73.0,False,13235.421
0.1409748796877809,0.05444,36747.0,0.1510123393534203,0.5136937663039473,,False,,False,5321.122178205603,-2132,22.0,675000.0,True,0.0,0.0,5.583333333333333,0.0,0.0,,False,-0.029995185363505,2,675000.0,0.1430746397379506,5784.886759943538,15.714285714285714,,0.9556609433346058,333.5,False,81537.27375
0.267135716321292,0.0324533333333333,21906.0,0.3848189123269006,0.7238369900414456,,True,,False,2217.603927517944,-94,12.0,675000.0,False,0.0,0.0,6.5,,153225.0,,False,-0.1519177449168207,2,675000.0,0.3820228703257982,4568.418043060729,6.0,,0.8832069016807973,-728.0,False,16805.8275
0.1926209945596306,0.0560958572887002,28188.0,0.1923239292284276,,,False,,False,5303.181812345173,-3505,12.0,502497.0,False,0.0,1.4166666666666667,6.5,,,,True,-0.0473917490623934,2,454500.0,0.1708818219047871,4697.409952664362,6.0,0.6013498744376716,1.3722166576777872,-1930.0,False,6607.57125
0.060623994573712,0.0778266808316891,23076.0,0.1732679489704313,0.3740208032583212,0.0,True,10.709677419354838,False,537.4030872738666,-2161,9.6,296505.0,False,-1711.3026315789473,0.0,17.289473684210527,14458.5,277794.0,7.0,True,-0.024905023216547,2,247500.0,0.0952144263379071,2412.304064688238,5.62962962962963,0.2381428531293958,0.7801325938868697,-942.3333333333334,False,19272.99078947369
0.2382333003923912,0.05,22500.0,0.1849942917134987,0.5919766183185521,,False,,False,7663.929399234354,-4635,20.0,450000.0,False,1552.0070454545455,2.659090909090909,5.181818181818182,0.0,43479.0,65.0,True,-0.1917771165810116,2,450000.0,0.1959007028116865,4893.739893659632,16.710526315789473,0.7198980989502733,1.0772134927113577,-576.75,False,56508.41863636363
0.0256144772122249,0.0380889476001761,12456.0,0.1054040257250185,0.4365064990977374,,False,,False,136.5548777094103,-2237,15.142857142857142,327024.0,False,660.8907142857144,0.3333333333333333,5.603174603174603,,414360.0,,False,-0.0715329991645781,3,270000.0,0.0936299239299329,2054.036201995429,9.75,0.1194157306214857,1.0613251023435983,-775.4285714285714,False,9038.218571428572
0.1212423293185722,0.105835635359116,16551.0,0.1259268680795702,0.5424451438613613,,True,,False,3288.195793397189,-799,10.0,156384.0,False,0.0,0.0,5.212765957446808,0.0,33700.5,3.0,True,-0.3140706806282722,2,135000.0,0.1417728074384252,3993.5623392967454,5.366336633663367,0.4638922932937159,1.015708064635861,-1359.7272727272727,False,7955.356595744681
0.2277454074284541,0.0403606474380928,24394.5,0.2629012737097299,0.7700870700124128,,False,,False,3606.168309119984,-4566,14.666666666666666,604413.0,False,0.0,0.0,4.1,8055.0,10062.0,,True,-0.2983802216538789,1,459000.0,0.3465022766032846,6333.525435492919,8.818181818181818,,0.9698988303639942,-215.0,False,12501.74925
0.1497573114102228,0.04462,10039.5,0.1686399764546779,0.5190973382084597,,False,,False,5633.93345310156,-3981,24.0,225000.0,False,229.2349090909091,0.3272727272727272,11.254545454545454,2992.59,31959.5625,,False,,3,225000.0,0.153586650565817,6506.53313740656,13.634615384615383,,0.9448976542656506,-430.6666666666667,False,5649.655090909091
0.0110727370341402,0.052353812047897,30712.5,0.0109680412112889,0.5691487713619409,,False,,False,290.5632671114323,-4151,12.0,586633.5,True,354.80769230769226,2.3076923076923075,6.923076923076923,2970.0,135427.5,,False,-0.0152088684601865,2,445500.0,0.044967965676697,1168.861495789819,0.9069767441860463,0.1401449806269656,1.1210481191726505,-2286.0,False,4305.6865384615385
0.1720939249108014,0.0719532554257095,3879.0,0.3132622219366257,0.6363761710860439,0.0285714285714285,False,0.0952380952380952,False,2594.4951821386157,-1011,3.0,53910.0,False,0.7592553191489362,0.0851063829787234,18.5531914893617,0.0,91083.0,,False,-0.5352725606962895,2,45000.0,0.2841350929613966,7797.487537928103,3.0,0.385438038858453,0.5981743227326266,-1574.0,False,10112.916063829787
0.1847924112899343,0.0715856340092841,19777.5,0.2498515575558987,,,False,,False,4828.463634696244,-1846,8.0,276277.5,False,3822.499285714285,0.4285714285714285,5.857142857142857,0.0,0.0,,False,-0.1103093330503528,2,238500.0,0.194769179499477,6880.864344216065,6.75,,0.92145774861733,-367.0,False,35452.98
0.2675236669213105,0.048327023116939,28260.0,0.2069387918954895,0.7209441499436497,0.2413793103448276,True,0.6896551724137931,False,4856.607679754532,-2089,8.0,584766.0,False,0.0,0.0416666666666666,23.479166666666668,0.0,1241.590909090909,,False,-0.086033188463058,2,472500.0,0.2784667767311293,3910.424473027913,5.526315789473684,0.6926126875976143,0.834289090244334,-987.2,False,5632.55015625
0.0112290408778101,0.0489764705882352,18733.5,0.008834344636817,0.0557114232950008,,True,,False,3299.5056587920058,-3053,10.0,382500.0,False,,,,6171.255,0.0,,False,-0.1237673732432642,2,382500.0,0.001235957534797,285.7205246106049,,,0.8833873324799203,,False,
0.1897630663066799,0.105,11812.5,0.1853370701023776,0.7583930617144343,0.025,True,0.0229885057471264,False,3988.407803096044,-4828,5.6,112500.0,False,-311.4546116504854,0.029126213592233,36.300970873786405,0.0,25099.714285714286,11.0,True,-0.0448997944501541,2,112500.0,0.2843299923137096,5836.616319159534,4.117647058823529,,0.685819460115703,-1482.5,False,2934.5421844660195
0.1218164018968605,0.029390542321126,25294.5,0.1085738733201042,0.5334816299804352,,True,,False,4569.452824770107,-1364,16.0,860634.0,False,254.181,6.133333333333334,8.4,,340849.8,,False,-0.1202063242879569,3,616500.0,0.1283931546832001,4292.594492922917,8.036363636363637,,0.938284128789852,-1003.6666666666666,False,21196.596
0.0357963573000468,0.0515245901639344,14143.5,0.0362794292302895,0.1519345490496476,,True,,False,4355.262932715279,-527,17.333333333333332,274500.0,False,354.9765,0.4444444444444444,7.066666666666666,0.0,228828.6,,False,-0.1525487056311716,3,274500.0,0.0112801541531466,1390.9521526281994,6.479591836734694,0.4821479680298104,0.7192546851462772,-1426.7142857142858,False,10125.2195
0.2187100139887082,0.0361214559879,22783.5,0.1363273234844353,,0.8857142857142857,False,0.8611111111111112,False,13070.686298553986,-2623,18.0,630747.0,False,0.0,0.1530612244897959,27.59183673469388,,364779.0,,False,-0.0216877170029688,2,544500.0,0.1438701373734345,5359.380865892458,11.655172413793103,0.8109936981076679,0.7262626891573235,-660.5,False,9799.857091836737
0.1520509010883642,0.0293141246476667,50544.0,0.1498083925296396,0.6023863442690867,,True,,False,4620.691362836603,-1563,24.0,1724220.0,True,0.0,0.0,5.066666666666666,0.0,33211.107,,False,-0.0683078287868707,2,1350000.0,0.1809592339770873,5418.085544370861,5.96,,0.914881884148349,-258.5,False,91922.7
0.1083845049564793,0.1006879299562226,7245.0,0.1172545880306177,0.3910549766342248,2.0,True,2.0,True,5871.424077039769,-4005,17.8,71955.0,False,0.0,0.0,5.826086956521739,,,,False,,3,67500.0,0.0837378195916817,4907.502689058486,5.8,,0.9077099500222812,-869.0,False,5380.272391304347
0.0821130934651226,0.0263787093314265,42498.0,0.061619953870822,0.4938628816996244,0.5,True,0.5652173913043478,False,3521.7425504739517,-4570,33.0,1611072.0,False,180.06923076923073,0.0659340659340659,15.538461538461538,0.0,52722.0,,True,-0.0461151305441962,2,1440000.0,0.0861529719849013,2772.837442221261,20.21875,0.4707047015286144,1.0154149858594104,-389.0,False,33918.331648351654
0.030229742319677,0.0675896624472573,11533.5,0.0095800957572772,0.3723336657058204,3.0,True,0.7894736842105263,True,3780.1231458557377,-4279,32.888888888888886,170640.0,True,0.0,0.0,4.523809523809524,0.0,314788.5,12.0,False,-0.0831582514401897,2,135000.0,0.0222373680514138,881.2320663419462,19.6875,,0.7352506738596863,-224.0,False,39449.95071428572
0.141774262186597,0.030384734804208,59890.5,0.2226722723051998,0.3523399726917038,,True,,True,5307.5439656179815,-4279,,1971072.0,True,0.0,0.0,4.5,16740.0,101888.0,18.0,True,-0.3543949413525124,1,1800000.0,0.098690635379284,5802.8439905160085,0.6,,,,True,8401.8375
0.0073631596555343,0.0940337711069418,22554.0,0.0004808968664709,0.4400578303966329,,False,,True,2236.305993912215,-454,,239850.0,True,,,,15952.5,0.0,,False,-0.0316187421239546,3,225000.0,0.0064016305039928,126.98292999124234,,,,,False,
0.1302612748655895,0.0643360401241939,19395.0,0.1403699413133899,0.6246146584503397,,True,,False,2147.9699910544173,-2835,15.5,301464.0,True,1195.6586842105262,0.2280701754385964,9.105263157894736,14829.885,125468.35714285714,,False,-0.2686728534102171,2,238500.0,0.1849504180135348,3286.4497522762326,9.15,0.4399184526499518,1.0492264828428557,-1150.25,False,21904.907368421053
0.022343878789452,0.0444619573004728,13963.5,0.0169192355218338,0.4884551844437485,,False,0.0,False,674.6632890760853,-3242,14.4,314055.0,False,276.165,0.1228070175438596,9.385964912280702,0.0,0.0,,False,-0.0540830945558739,3,238500.0,0.0444045479636861,1015.2620085774856,11.310344827586206,0.2457852615505957,0.9010416891146524,-515.0,False,10496.231842105262
0.0128327958014886,0.0680536372007366,21285.0,0.0416765440209727,0.2636468134452008,,True,,False,168.2043818583126,-291,13.0,312768.0,False,0.0,0.0,3.5,,82795.5,,False,-0.0932905640203154,2,270000.0,0.0276362835000609,1176.4299582010733,11.0,0.1224233251423976,0.9469064571568868,283.0,False,6279.075
0.0744447600931049,0.0801637852593266,15858.0,0.0493569733571726,0.4382813743111921,0.9473684210526316,True,5.260869565217392,False,2753.5590356934918,-1149,7.333333333333333,197820.0,False,0.0,0.072463768115942,17.07246376811594,0.0,150588.0,2.0,True,-0.0266096017863788,2,180000.0,0.0644620009638382,1580.805452771532,5.12,,0.6830658050170246,-1206.0,False,7857.380217391304
0.151868893080531,0.0613733333333333,41427.0,0.1707421372605074,0.4902575124990026,0.3333333333333333,False,0.3295454545454545,False,4147.589305440024,-3511,6.0,675000.0,False,-1790.1709509202458,0.1288343558282208,67.79141104294479,0.0,6601.5,,True,-0.224141367169335,1,675000.0,0.1418426193801988,4355.1743626457455,5.866666666666666,0.5249118076991182,0.4633061527057079,151.0,False,14965.788036809818
0.1068094048100427,0.0686,9261.0,0.1357359200804492,0.3280631605201915,0.125,True,14.0,False,2758.1705041194764,-2820,11.0,135000.0,True,0.0,0.0,14.566666666666666,,129431.25,23.0,False,-0.0273081924577373,2,135000.0,0.0692282880959581,2271.8544455259344,2.0,,1.0092256503327284,-192.0,False,7621.182
0.2693591700579514,0.0705666666666666,9526.5,0.3434441429243148,0.8245949709919925,,True,,False,5952.8933525654975,-5811,7.0,135000.0,False,0.0,0.0,4.642857142857143,0.0,0.0,24.0,False,,2,135000.0,0.4388226945964529,12365.445449390443,3.647058823529412,,1.3415003324537698,-2396.0,False,2448.7714285714287
0.0126602342534899,0.03674,24799.5,0.0010890982809027,0.5744466170995097,,True,,False,5032.905401581563,-1948,6.0,675000.0,False,0.0,0.0,3.5,0.0,50910.1125,,False,-0.1711376940697378,1,675000.0,0.0143683881178921,491.3720025042734,3.0,,0.9498414763027396,-249.0,False,9779.1825
0.0410841981180098,0.0442664034021871,26230.5,0.0138981681971078,0.4740512892789932,0.125,False,0.1111111111111111,False,3869.022009401108,-4973,11.266666666666667,592560.0,True,184.44599999999997,0.16,7.31,,302152.5,,False,-0.0389352403655145,3,450000.0,0.0384783800400697,1225.8177722688106,7.0285714285714285,,1.0215588172001877,-1285.888888888889,False,8430.44625
0.2072557138963034,0.0724683544303797,20610.0,0.2874752988607806,0.5832379256761245,,True,,False,4803.869136424327,-2292,9.0,284400.0,False,528.4246153846154,1.7692307692307692,6.461538461538462,,126837.0,,False,-0.1447922777451869,1,225000.0,0.2388190146345782,7677.990655737449,5.538461538461538,,0.927158095547207,-131.0,False,6340.884230769231
0.0694258952620243,0.0379375825627476,20677.5,0.0392404377128105,0.4794489811780563,,True,,False,3642.291478456864,-4598,6.0,545040.0,True,0.0,0.0,3.0,0.0,0.0,8.0,False,-0.0502919040585214,2,450000.0,0.0657628341785191,1950.051517929469,2.857142857142857,,0.9498629063846457,-567.0,False,5118.984
0.0222217348606042,0.03226,36292.5,0.11327806782768,0.4276573700350293,0.391304347826087,True,0.4021739130434782,False,199.2888977657069,-3045,32.0,1125000.0,False,1378.0654137931035,1.4965517241379311,55.179310344827584,0.0,214615.92857142855,,False,-0.1390210219426116,2,1125000.0,0.0941275722844519,4303.183563941813,16.0,0.1009617953322215,0.6666666666666666,111.0,False,10006.247793103448
0.026058711400035,0.0293627681625697,31171.5,0.007812158072298,0.3392876999089139,,True,,False,2770.211560565103,-3478,10.0,1061599.5,True,0.0,0.0,2.5,,311702.229,2.0,True,-0.3696476463516138,2,927000.0,0.0174677788340407,556.6930147576528,6.8,,1.0,-11.0,False,21696.975
0.0859004252613058,0.0606785220994475,31630.5,0.070833368490622,0.4066174366275036,0.375,False,0.375,False,3258.258635648476,-250,6.0,521280.0,True,693.39,2.9166666666666665,6.041666666666667,0.0,99611.25,25.0,False,-0.0852335272841641,2,450000.0,0.0690077623034769,2158.3942101814337,7.555555555555555,,0.9522298936368724,-216.0,False,8592.583125
0.0575917090687816,0.0372690374668483,22891.5,0.0840024030189006,0.3927738606031339,,False,,True,1401.054231192096,-4011,,614223.0,True,,,,,0.0,,False,-0.0301356102461074,2,549000.0,0.0713443722699464,2531.5496168695645,,0.3170609985057884,,,False,
0.0437829721421269,0.0389235682659504,28957.5,0.0140256912858008,,,True,0.0,False,4327.606925096246,-420,6.0,743958.0,False,-6526.928571428572,0.0,3.7142857142857135,,,8.0,False,-0.0185886810324413,2,621000.0,0.0461467735641535,1461.1773962568654,9.5,,0.9522418072705564,164.0,False,22741.90071428571
0.1286004633427761,0.05,9000.0,0.1210037592686121,,,False,,False,2078.491296667408,-776,8.0,180000.0,False,2860.9385294117646,2.117647058823529,4.764705882352941,,,,False,-0.0972513250338962,2,180000.0,0.1355434812159379,2061.29733678971,4.294117647058823,,1.125,-394.5,False,15382.058823529413
0.207488149587622,0.05,13500.0,0.2445004308493465,0.6879328378491735,,True,,False,3035.607484032606,-4082,12.0,270000.0,False,0.0,0.0,2.2,14917.5,0.0,19.0,False,-0.2678752107925801,2,270000.0,0.2821362406661852,4864.04432264445,9.0,0.5059183861982823,0.9522546419098143,60.0,False,16033.986
0.2722315450083268,0.098874296435272,4743.0,0.2140864259270644,0.6195277080511546,,False,0.0,False,8075.23151226884,-4292,6.0,47970.0,False,0.0,0.0,5.5,0.0,39188.25,,False,-0.1396346526432327,2,45000.0,0.2256241941205775,5263.236512355227,6.818181818181818,0.7475039890806271,0.5,-721.0,False,7522.816500000001
0.2844496588991214,0.0778082518483186,23490.0,0.4135291921325333,0.7862666146611379,,True,,False,4118.68961468636,-79,10.0,301896.0,False,0.0,0.8,3.8666666666666663,,0.0,,False,-0.2303788290737719,2,252000.0,0.4483403639006932,9437.614702893654,6.2,0.4988470553895221,1.20630081300813,-822.5,True,6227.109
0.1637298599363718,0.04893,22018.5,0.1826873639995178,0.4884551844437485,,True,,True,2978.3207156637045,-1776,17.0,450000.0,False,600.5984210526316,2.789473684210526,5.157894736842105,,2799972.0,,False,-0.0180552753681662,2,450000.0,0.1459121107681028,2961.525872229864,4.333333333333333,0.5481018574343901,1.0157921070736131,-2193.0,False,7049.025000000001
0.0363146622630619,0.05,9000.0,0.0099507926396763,0.5172965813614878,,True,,False,5062.111368279466,-3234,6.0,180000.0,True,0.0,0.0,3.5,0.0,24552.0,,False,-0.0485854547294903,3,180000.0,0.0371140416340362,1417.6323120420284,3.0,,1.0623710760229532,-341.0,False,22187.1
0.1788427499234786,0.09254,41643.0,0.2286466539849695,0.5460231970049609,,False,,True,5256.8178129321495,-4061,16.5,450000.0,False,0.0,0.0,3.5,0.0,17629.363636363636,,False,,2,450000.0,0.1929296895002566,7250.102780559701,3.0,,1.027792962962963,-1174.0,False,11376.51
0.0300138353241828,0.0921784098254686,25668.0,0.1406399768896544,0.4902575124990026,0.75,True,20.625,True,169.25728272502977,-4197,7.263157894736842,278460.0,True,623.5603448275862,1.8448275862068968,6.862068965517241,6425.505,83296.5,,False,-0.0707834812813585,2,225000.0,0.1287332635155655,3401.762107312009,4.909090909090909,0.114302301089488,0.9122698576952534,-1010.5,False,3310.0091379310343
0.0841571409938154,0.1024671669793621,49153.5,0.098582367685413,0.2103502286944494,,True,,False,4701.277955184159,-3240,10.0,479700.0,True,305.3536363636363,0.7272727272727273,5.909090909090909,,72180.0,6.0,False,-0.0130766436614602,2,450000.0,0.0302910344603895,1982.1993631056368,5.0,0.5844129845571614,1.0264414248990084,-1792.0,False,3040.318636363637
0.0770491228871865,0.05,27000.0,0.2098830120393914,0.520897599048938,,True,,False,625.381631781057,-3391,33.0,540000.0,False,-12656.25,0.0,4.15625,0.0,18867.6,,True,-0.2495441521229487,3,540000.0,0.1722333217299768,3808.063561793811,18.923076923076923,0.233025193485406,0.9601095498718588,301.6666666666667,False,83811.9375
0.0297911755497406,0.0792388108461287,43659.0,0.0243975417057923,0.1419915427739129,,False,,False,2867.308590201112,-803,12.0,550980.0,False,1292.0921052631584,0.2105263157894736,8.894736842105264,,22796.1,7.0,False,-0.0159935668334524,2,450000.0,0.0083573146099935,658.7368746600622,16.5,,1.0,224.0,False,32881.14473684211
0.212412940036937,0.0274988508095408,48456.0,0.2760227625846362,0.6380435278721609,,True,,False,3217.7801905759447,-3364,12.0,1762110.0,True,452.30884615384616,0.1538461538461538,6.846153846153846,0.0,1841897.04,1.0,False,-0.1404458598726114,1,1575000.0,0.2677613633364751,5270.929923420457,6.0,,1.0,-406.0,False,5426.75076923077
0.2853035495030532,0.0275,59301.0,0.2513211781295401,0.6479768603302221,,False,,False,10728.936090422732,-1900,12.076923076923077,2156400.0,False,-17205.013244680853,8.659574468085106,9.51063829787234,118677.24,158645.26840909093,2.0,True,-0.1304449103191241,2,1800000.0,0.2614892198009644,8662.1397254329,10.756521739130434,0.7069893680082587,1.0843265802859827,-923.7142857142856,False,69244.14111702127
0.1322295429025555,0.0716869385483742,16231.5,0.1664765788550811,,,False,0.0,False,2018.530606180028,-2067,10.5,226422.0,False,0.0,0.0263157894736842,7.421052631578948,,,,True,-0.0320881693162976,2,189000.0,0.1589848624063129,3055.5350037295702,7.7073170731707314,0.4437028218381007,0.968934823514522,-342.3333333333333,False,13686.124736842105
0.0497244856152486,0.0917,8253.0,0.0856313377974392,0.4118485559242397,,True,,False,706.3425626454724,-2741,12.0,90000.0,False,2137.1095588235294,3.0,8.764705882352942,0.0,630703.5422727272,,True,-0.0456575682382134,2,90000.0,0.0773432978011847,1892.03947455452,7.588235294117647,0.264779989694234,1.046563709184245,-684.0,True,14473.103823529413
0.1848003347754577,0.044516129032258,12420.0,0.2211341151886656,,,True,,False,3498.170768888308,-1521,6.0,279000.0,False,0.0,0.0,3.5,,,,False,-0.1599635882158225,2,279000.0,0.1832344285697842,4150.47999856804,3.0,0.5380407196750938,1.1111111111111112,-526.0,False,5360.452499999999
0.106313458245367,0.05,27000.0,0.097876096412517,0.4507472818545589,,True,,False,2696.684258439681,-2725,10.0,540000.0,False,0.0,0.0,5.5,,233910.0,,False,-0.2149914497434923,1,540000.0,0.0946755844427462,2210.8956436611456,5.5,,0.897433788452048,-95.0,False,6142.5765
0.2019375460469082,0.0485622802611752,13923.0,0.1392642117611809,0.5388627065779676,,True,,False,12099.256953526776,-4404,11.0,286704.0,False,0.0,0.0,6.5,,160756.2,,False,,3,247500.0,0.1476171971160692,6099.595445859317,6.0,0.7371540359013122,0.9715325980642856,-266.5,False,13100.84625
0.024991981076852,0.0546587246777163,17095.5,0.0172767139680176,0.1411151004466126,,False,,False,2247.322279596512,-1427,12.0,312768.0,False,3702.8047499999993,11.65,16.25,26482.32,152199.0,,True,-0.0478796169630642,3,270000.0,0.0069677218504295,433.12768001814095,6.0,,1.1111111111111112,-342.0,True,7373.26125
0.1251236515313015,0.0609534409200519,14787.0,0.11454934663302,,,True,,False,3705.058687588321,-211,6.0,242595.0,True,1286.848125,0.875,4.0,,0.0,17.0,False,-0.0151431337297745,2,202500.0,0.1318789596099477,3575.0687684391487,2.625,,1.11116777154513,-260.0,False,3860.735625
0.0902325350906846,0.0292376182526432,23643.0,0.1075178711900728,0.2955826421513093,,True,,False,4293.533297282026,-318,12.0,808650.0,False,0.0,0.0,6.045454545454546,,60192.0,,False,-0.0628319112118861,2,675000.0,0.0526937029415508,2987.637437604992,6.375,,1.111123676198323,-555.0,False,14372.547954545456
0.3198375443556153,0.05,9000.0,0.461133272644324,0.8658959152750668,,False,,False,4390.630326918036,-688,6.0,180000.0,True,0.0,0.0,3.5,,0.0,18.0,False,-0.5688528416384643,2,180000.0,0.5471567561331506,10829.44534232052,2.4285714285714284,,1.6667416741674168,-924.0,False,10998.375
0.1020477424784107,0.0293730291226117,28503.0,0.0783053196865131,0.5190973382084597,,True,,False,3083.279028151393,-690,28.5,970380.0,False,2303.047741935484,2.2580645161290325,5.709677419354839,,381168.75,,False,-0.2353136684669713,2,810000.0,0.1046571337150238,2426.4208493292263,14.20689655172414,,0.8830183988050643,-53.333333333333336,False,19139.141612903222
0.0146342467407987,0.1064354196816208,42363.0,0.0419098170618822,,,True,,False,109.76205545536276,-3438,10.0,398016.0,True,-6900.0,0.0,3.8,,,25.0,False,-0.018064403525613,2,360000.0,0.0797695398266184,1713.4219915065169,7.25,0.0978707138311966,0.9251009421054476,-140.66666666666666,False,32162.403
0.0279858531239412,0.0544820749504339,30172.5,0.1024139013323886,0.324891229465852,,True,,False,191.43924612503295,-115,6.0,553806.0,False,0.0,0.0,3.5,,63562.5,,False,-0.0260666420754948,3,495000.0,0.0592633826446806,1483.5398660703088,3.0,0.1534228696259565,0.9499702203692674,-430.0,False,3107.025
0.0354332321839019,0.03894,26284.5,0.048726819857954,0.2176285202779586,0.0,True,0.0,True,2074.419338096056,-1050,,675000.0,False,0.0,0.0099009900990099,62.0,8037.0,112677.95454545454,,False,-0.2834883853661321,2,675000.0,0.022410820021784,1804.2670928431896,,0.3440874488908628,,,False,711.3564356435644
0.0182733675166767,0.0527650429799426,16573.5,0.024372191233671,0.0534780873611726,,True,,True,4145.710114960186,-4738,18.0,314100.0,True,0.0,0.0,3.5,5469.075,36096.0,64.0,True,-0.1153751081448523,1,225000.0,0.0019306835136494,584.2078907361631,3.0,,0.9116449344403056,-354.0,False,4106.265
0.1171716511522409,0.1037206491712707,10813.5,0.1767770926427543,0.3031463744186309,,False,0.0,False,4653.484027199161,-1618,7.5,104256.0,False,1120.022307692308,8.615384615384615,6.076923076923077,,249648.75,,False,-0.0476216692358511,2,90000.0,0.0701764768871526,4204.851628599588,4.75,,0.9873608878098312,-2452.0,False,3732.417692307693
0.0354780899685359,0.0267536919831223,9130.5,0.0550985492001406,0.5495965024956946,,False,,False,410.753418990906,-2563,10.0,341280.0,True,0.0,0.0,1.5,,119092.5,,False,-0.0857113944545638,2,270000.0,0.0956392192864394,1719.6375171546847,6.333333333333333,0.2038769691703207,1.3614374568071872,-432.0,False,7258.612499999999
0.1650838660051248,0.1054833333333333,28480.5,0.2261118942984822,0.470456116119975,,True,,False,5901.142429118337,-4754,4.0,270000.0,False,6187.617,4.2,2.2,,0.0,,False,,2,270000.0,0.1534406333904475,7512.606231298826,2.0,,0.9660064138841729,-85.0,False,24749.694
0.1286833273702013,0.0639069079321725,50539.5,0.0931715348094392,0.5388627065779676,0.0,True,7.142857142857143,False,4367.868602802198,-4758,4.0,790830.0,True,541.9575,0.3653846153846153,14.961538461538462,,0.0,12.0,False,-0.063354224873518,2,675000.0,0.120742125579455,2967.338339672921,3.0,0.5743036719403622,1.0369282414155176,-523.5,False,6625.761057692308
0.1223342267886447,0.03674,24799.5,0.1295973472360779,0.4507472818545589,,True,,False,2871.920058627097,-2947,20.4,675000.0,False,0.0,0.0,5.361111111111111,0.0,81892.98,2.0,False,-0.1801070472792149,2,675000.0,0.1089425987050056,2709.381910099169,17.048780487804876,,0.7619080873425841,-538.25,False,41469.97875
0.0533708525803298,0.11368,25578.0,0.1447418753465384,0.4066174366275036,,False,,False,649.6473599079441,-4269,10.0,225000.0,False,0.0,0.0,5.5,7366.365,22010.625,,True,-0.2183565521865454,2,225000.0,0.098645231171194,3256.4145526890925,5.083333333333333,0.2199956248181544,1.0132253184324824,-1289.0,False,12583.404
0.2776496163137538,0.0330490252293578,41499.0,0.3569712736379025,0.5954562029091491,,True,,False,5941.614819234978,-4475,16.0,1255680.0,False,0.0,0.0,10.5,0.0,119408.625,,False,-0.0091558322651529,1,1125000.0,0.2745309860315205,7553.269446486262,10.2,0.6022204948857312,1.0740740740740742,-844.5,False,5958.1825
0.0090158429887857,0.0512134847053423,43177.5,0.0041829098501721,,,True,,False,403.3116643364054,-3456,10.0,843088.5,True,0.0,0.0,5.5,0.0,335037.8571428572,,False,-0.2567738439306358,2,670500.0,0.0252010395859515,523.0281505773471,4.636363636363637,0.1908566746582296,1.0,-865.0,False,7421.4405
0.0551124039550194,0.0482779168156358,36459.0,0.0503837672371681,0.2353105173615833,,True,,False,3891.3107734600335,-990,12.0,755190.0,False,0.0,0.1,5.5,742.5,53172.0,,True,-0.0420040819013759,2,675000.0,0.0256216636999999,1653.8463911551237,6.818181818181818,,1.0,-526.0,False,17875.53
0.1101184087140065,0.0381756686532505,57852.0,0.0768221789025756,0.6161216908872079,,True,,False,3895.153663815021,-5968,12.0,1515415.5,False,0.0,0.0,6.5,16956.0,19856.1375,11.0,True,-0.3172191528545119,2,1354500.0,0.1340426664204252,3307.763272092355,5.571428571428571,,1.004996604249539,-478.0,True,8555.74875
0.2428911919317251,0.05,6750.0,0.3295992554802299,0.6986675550534175,,False,,False,4784.65468464939,-2226,6.0,135000.0,True,2881.08,7.0,3.5,0.0,0.0,,False,-0.243895909188263,2,135000.0,0.3352733043459073,8962.15114996349,3.0,,1.111188228761799,-698.0,False,2881.08
0.0972575407035908,0.0644705882352941,14796.0,0.1098654261317897,0.3360615207658242,,False,0.0,False,2194.2903926976887,-1244,4.0,229500.0,True,720.0415384615385,0.1538461538461538,3.692307692307693,18432.0,24022.8225,14.0,False,-0.1438412142440163,2,229500.0,0.0645741509818726,1645.7629600061753,2.0,,0.9646111364837026,-406.0,False,7200.834230769231
0.1578939504348969,0.0425534671036439,29565.0,0.1121816477453029,0.6430255641096323,,False,,False,6213.645324792365,-1506,20.0,694773.0,False,1197.0529411764708,5.529411764705882,6.941176470588236,,72202.5,,False,-0.0678013237666166,2,621000.0,0.1727043458017674,4828.814912622329,6.5,0.5878824072234715,1.0147843281435571,-678.0,False,2872.9058823529413
0.2065797884729245,0.0355509181969949,38331.0,0.2797429167513141,0.5954562029091491,0.44,True,1.1866666666666668,False,3900.5337103120023,-3969,21.0,1078200.0,False,-133.57013888888895,0.1265432098765432,86.66975308641975,,123203.25,,False,-0.3553366174055829,2,900000.0,0.2430268651735967,6213.864267751266,11.5531914893617,,0.8175248997771927,-1022.7142857142856,False,9038.51777777778
0.5402696615668227,0.0952190476190476,44991.0,0.4773975233642848,0.8500918805995171,,False,,False,16484.310877518976,-4525,9.333333333333334,472500.0,False,-3229.4117647058824,0.0,4.647058823529412,436.5,0.0,,False,-0.0803263667699288,2,454500.0,0.5415504026430913,14600.53196770182,4.833333333333333,0.84808145352796,1.026103882198394,-634.5,False,33602.96911764706
0.0523898016250691,0.0668234442836469,33246.0,0.0528108913789829,0.1547436312725944,,True,,False,4290.936911562006,-2471,7.333333333333333,497520.0,False,1595.0121428571426,0.6428571428571429,5.142857142857143,0.0,123483.6,,True,-0.1610050093926111,3,450000.0,0.013988814940249,1154.949629957886,5.571428571428571,0.5795335902105879,1.023008063207845,-52.5,False,9882.0675
0.1734646392442672,0.0412693333333333,69642.0,0.1096952144211834,0.4596904504249018,0.5454545454545454,True,1.3076923076923077,False,10660.9542811008,-807,18.0,1687500.0,False,-184.18144736842103,0.0789473684210526,8.842105263157896,0.0,133985.25,5.0,False,-0.0467927907757752,2,1687500.0,0.1032267046661366,4011.935213926065,5.166666666666667,0.7724748978947973,0.9596734406639678,262.6666666666667,False,27590.486447368425
0.0764124619309937,0.027585294117647,42205.5,0.0799103076918061,0.213966852261798,,False,0.0,False,6168.007913299578,-1604,8.5,1530000.0,False,813.4966666666667,0.1111111111111111,5.185185185185185,0.0,388713.6,,False,-0.023917617096667,2,1530000.0,0.0279782887475933,2361.785697257068,5.827586206896552,0.5843721930404195,0.8055555555555556,-1123.3333333333333,False,13954.525
0.2107350088867467,0.0381773247970171,56029.5,0.2885889607798336,0.6006575372857061,,False,,False,5974.925923934091,-4263,14.4,1467612.0,False,-2385.702642857143,0.2428571428571428,7.3428571428571425,0.0,57345.5,1.0,False,-0.4600806105822828,2,1350000.0,0.2500807446484637,9709.99740225896,7.0,,0.9819836214740674,-1775.0,False,20588.181428571428
0.2548763664866222,0.0361137192091019,23539.5,0.3645181312800586,0.6956219298394389,,True,0.0,False,3891.566966150366,-4513,19.5,651816.0,False,-246.96,0.0,3.3529411764705883,3460.5,0.0,,False,-0.0173798551678736,3,495000.0,0.3502833261513127,7648.987899887759,21.3,,0.8878052628861957,378.3333333333333,False,31318.022647058824
0.1940076866974636,0.0999293286219081,12726.0,0.2753922223921107,,,True,,False,5469.201553217777,-1248,12.0,127350.0,True,0.0,0.0,5.5,,,5.0,True,-0.1114858534757354,2,112500.0,0.2044819789453922,8182.62718190751,6.818181818181818,,0.9044523084519792,-121.0,False,6097.6755
0.1865730102623435,0.0797387606318347,14175.0,0.2546897303838128,,,False,,False,5214.546019027291,-1511,22.0,177768.0,False,3564.3789,3.93,17.98,,,,False,,1,135000.0,0.1966459113330675,7502.659237619944,13.102941176470589,,0.9106728106945888,-322.0,False,6770.7045
0.0110090042101929,0.0512855579868709,28687.5,0.0053831420211533,0.087880699180133,,False,,False,2337.245913903212,-1761,14.0,559368.0,True,0.0,0.0,1.0,3602.7,196192.545,,True,-0.1321933574482078,2,418500.0,0.00191142901482,198.42772150071403,7.0,,0.8903158295281582,-293.0,False,98979.57
0.0618465445272817,0.0731512962175945,24786.0,0.0668009013514652,0.3606125659189888,0.0,True,5.0,False,1610.7084671360692,-762,5.0,338832.0,False,122.40692307692308,1.0,10.73076923076923,0.0,0.0,,False,-0.108339905362776,3,292500.0,0.0559696312206966,1574.4208404271,6.75,0.3984775427099636,0.9460379300838088,79.0,False,7358.964230769231
0.0915467784641923,0.0490266666666666,16546.5,0.0896085610609731,0.5064842396679806,,True,,False,2295.8664751079864,-3363,18.0,337500.0,False,0.0,0.3333333333333333,5.0,4950.0,30684.155625,,False,-0.0854982707311187,2,337500.0,0.1079005493004075,2648.7053779430294,26.181818181818183,0.4297197816426169,0.9689474994185864,502.0,False,109165.36
0.2501675469053649,0.0990881458966565,70416.0,0.2442187203724924,0.5262949398096192,,True,0.0,False,10670.271045795122,-5066,6.0,710640.0,False,0.0,0.0,2.5,0.0,0.0,,False,,1,675000.0,0.1886832148453457,7856.438771037057,8.4,0.6977934637630372,1.0,24.0,False,18052.79625
0.0552832260851288,0.0490183246073298,16852.5,0.0223614804848189,,,False,,False,4135.718600037219,-4157,10.0,343800.0,True,7660.82911764706,1.588235294117647,5.235294117647059,,0.0,,False,-0.1116892770860434,2,225000.0,0.0582679153842025,1763.17028588534,5.0,,1.1667440780306548,-251.0,False,10944.497647058824
0.1058397775074756,0.05,16875.0,0.1143135242664468,0.3825018041447388,,True,,False,4218.981224395276,-25,15.333333333333334,337500.0,False,-3342.7455882352947,1.5,5.588235294117647,,72994.5,,True,-0.2187272285644887,3,337500.0,0.079983248512131,3443.5501276730142,9.35483870967742,,1.0227454308911956,-1138.3333333333333,True,12944.411470588237
0.1784753359173873,0.0292376182526432,23643.0,0.1343500524491417,0.4561097392782771,2.4,True,2.3076923076923075,False,10536.140483422249,-3809,19.4,808650.0,False,468.7076020408163,0.0816326530612244,8.306122448979592,0.0,281544.255,,False,-0.0803197000345355,2,675000.0,0.1129075383474359,5017.483069722239,6.5131578947368425,0.7209823199084124,0.9373033557511994,-1050.0,False,9845.38056122449
0.0803651834587858,0.05,6750.0,0.0916718289826226,0.2750003523983893,,False,,True,5933.166515409896,-3630,,135000.0,False,,,,,172153.5,,False,-0.0061747052981562,1,135000.0,0.0436634274602939,3677.0909845527567,,,,,False,
0.0124921032693269,0.0486377146631439,26509.5,0.0538575093885953,0.3312508645909018,,False,,True,77.1063529419568,-1493,8.0,545040.0,True,0.0,0.0,5.5,0.0,207878.22,,False,-0.0462847419171866,2,450000.0,0.0442444360289218,1177.3998056627502,6.181818181818182,0.0935263364147848,0.9427991550345856,-107.0,False,12671.118
0.0023226088324726,0.054625919815644,18774.0,3.946989242591253e-05,,0.1875,True,3.75,True,5324.452683179925,-4332,13.23076923076923,343683.0,True,-126.26839285714286,6.988095238095238,9.86904761904762,,,,False,-0.0484530625992397,2,261000.0,0.0024480042954209,95.367619825257,5.338028169014085,,0.8287014323508566,-687.75,False,6219.295714285714
0.1186467131197563,0.0425696429711496,27004.5,0.1065908474818076,0.5154953751603267,,True,,False,6077.403000067083,-4418,30.0,634360.5,False,5862.705734265734,0.6713286713286714,11.545454545454543,0.0,17253.0,,False,-0.0311946716128488,2,567000.0,0.120836216201897,5560.625485436966,21.22047244094488,,0.932836334929632,-337.57142857142856,False,31179.318671328678
0.2012501474697602,0.0331702127659574,35077.5,0.248422982195189,0.6363761710860439,,False,,False,5566.042390163453,-3889,10.4,1057500.0,False,897.6140425531916,0.6382978723404256,5.680851063829787,,27229.05,,False,-0.1395102641995765,2,1057500.0,0.2530269318504636,8638.386179673422,5.64,,0.9493293106131004,-817.8,False,12050.467659574468
0.1112597641636794,0.05,45000.0,0.2365500781194909,0.4578995512067301,,False,,True,1125.0052817933038,-2391,,900000.0,False,,,,,12800.25,5.0,True,-0.1213937423811458,1,900000.0,0.1507012569747194,3239.800453504646,,0.3380582027027271,,,False,
0.2069568539459854,0.0293989983305509,23773.5,0.2937427055481137,0.5691487713619409,,True,,False,4057.5798294858128,-4309,8.0,808650.0,True,176.36045454545456,0.3636363636363636,5.121212121212121,0.0,0.0,17.0,False,-0.0506377067811592,2,675000.0,0.2327138597368547,6475.850069380946,4.472222222222222,,1.0591125229899565,-1880.25,False,10527.882272727273
0.1607516198089938,0.0965047880990142,21631.5,0.1890708217607691,,,True,,True,2341.8573823291963,-1803,,224149.5,True,,,,,,,False,-0.0597308828355759,2,193500.0,0.1694304483331078,2903.124758522121,,,,,True,
0.3428043869045785,0.036074416556583,29493.0,0.2619447221831461,0.6161216908872079,,True,,True,16197.537758203143,-4832,28.0,817560.0,False,0.0,0.0,6.0,0.0,6754.5,,True,,2,675000.0,0.2475167387409281,8936.56226477493,7.0,0.8533128691723388,1.0602027272727277,-33.0,False,10237.156363636364
0.0920491060267114,0.0751997376580014,22702.5,0.0619944692562072,,,True,,False,4124.702314352922,-4154,24.0,301896.0,False,0.0,0.0,10.441176470588236,,0.0,,False,-0.492111801242236,2,252000.0,0.0970187505500639,2927.939400487536,14.142857142857142,,0.9267669118625088,44.0,False,6687.790147058823
0.1115523884686433,0.0544210802057534,41134.5,0.1984707615087269,,,True,,False,1374.8437968683804,-4368,11.333333333333334,755856.0,True,0.0,0.0,5.307692307692308,,,8.0,True,-0.0999316122414087,2,652500.0,0.173591106790398,3806.4455327328665,6.551724137931035,0.3428237259891378,1.0,-485.0,False,9685.08173076923
0.0939638962987671,0.03305,29745.0,0.0789522634633669,0.4365064990977374,,True,,False,4583.031037357729,-1432,2.0,900000.0,True,0.0,0.0,3.142857142857143,34265.61,7.875,18.0,False,-0.0248756218905472,2,900000.0,0.0810342028031232,3320.960528517788,3.0,,1.141613235177709,-788.0,False,12507.949285714283
0.1422636740040815,0.0640424752837788,62964.0,0.1817182097601858,0.434733248750173,,False,,False,3641.010515005201,-4978,17.333333333333332,983160.0,False,9073.289210526316,0.8070175438596491,6.789473684210527,215770.5,327685.5,6.0,True,-0.1381227132001125,2,900000.0,0.1221893936804059,3994.531515540628,9.846153846153848,,1.2227049667601333,-1610.25,False,79277.20894736842
0.2407354696492769,0.0263785215843321,42475.5,0.3310715197300296,0.6832688314232291,0.0208333333333333,False,0.0208333333333333,False,4532.56107736223,-1217,17.0,1610230.5,False,29.19425373134328,2.7611940298507465,56.71641791044776,,0.0,,False,-0.58574496947773,2,1439248.5,0.3249737831473681,8414.603311360373,7.575,,1.0132680070113076,-240.0,False,5498.915037313433
0.2230503689711078,0.0484582559849562,18090.0,0.2785574975524006,0.6971469077844458,,True,,False,5165.357022483455,-3703,24.0,373311.0,False,212.9832,0.52,12.44,0.0,34682.625,,False,,2,283500.0,0.3072160381508487,8884.91319696507,11.875,,1.0,-323.0,False,5110.7256
0.2111686639049883,0.0442663785600672,26550.0,0.3198202425677487,0.5442347412142162,,True,0.0,False,3759.115345248474,-4927,16.0,599778.0,False,0.0,0.0,4.785714285714286,,468677.25,1.0,False,-0.4777482450759899,2,477000.0,0.2270556778004363,6121.601044675786,12.606060606060606,,0.9548495934777362,-241.0,False,41746.95160714286
0.0048608907147584,0.0323789649415692,34911.0,0.0006107540581897,0.1510075350878296,,False,,True,5084.656325028724,-3395,18.4,1078200.0,False,731.041875,0.3125,4.0,97436.43,98290.77157894736,33.0,False,-0.1719151509044188,2,900000.0,0.0014502107114347,190.6019588565876,5.352941176470588,,0.7652237040734468,-649.0,False,11738.1909375
0.1081361749762935,0.0324833842567801,18562.5,0.0569399491484184,0.8016009030071296,,True,0.0,False,4999.087966457675,-3037,18.0,571446.0,False,1002.7064732142856,0.6607142857142857,10.723214285714286,12186.0,0.0,,True,-0.135960641623533,2,477000.0,0.1712560150080106,4168.80595857012,9.862385321100918,,0.806120156911321,-1039.5,False,12419.74044642857
0.1461233200144316,0.0606470230862697,35937.0,0.1706269408036587,0.4884551844437485,,False,,False,2489.9367573413697,-2404,14.571428571428571,592560.0,True,0.0,0.0,7.212121212121212,0.0,63287.625,12.0,False,-0.3000308673731865,2,450000.0,0.1410135634545187,2805.8066878237805,8.31578947368421,,0.9022724379138412,-403.25,False,15389.837727272728
0.2299638885168312,0.05,6750.0,0.2533088632306458,,,True,,True,6950.512779110197,-1283,,135000.0,False,,,,,,,True,-0.0072631045549237,2,135000.0,0.1961121031198598,6529.085291352151,,0.6255682751391316,,,False,
0.0868924121420628,0.048393909527928,21654.0,0.0959655392268048,0.633031641417419,,False,,False,2146.920168856998,-810,15.0,447453.0,True,438.2973529411764,0.5588235294117647,6.470588235294118,0.0,626832.0,2.0,False,-0.0855621164756281,2,373500.0,0.1560255712897811,4257.584522038896,5.588235294117647,0.3525425084510584,1.0634274352225284,-1792.0,False,4593.578823529411
0.0906416932778132,0.042368,47664.0,0.0510664879733857,0.6279908192952864,,True,,False,3340.752681935535,-2324,24.0,1125000.0,False,0.0,0.0,12.5,0.0,0.0,,False,-0.2953220858895705,2,1125000.0,0.1124599633345912,2335.1900646074896,12.0,,1.0,-45.0,False,19497.380625
0.2371008637047202,0.05,13500.0,0.3513074547853682,0.6246146584503397,,True,,False,2868.8457463431077,-3094,9.0,270000.0,False,758.4631578947367,0.2105263157894736,5.421052631578948,0.0,17221.5,6.0,True,-0.2375424182889801,2,270000.0,0.2925916586517409,5245.540349166638,4.95,,0.9604972456206826,-109.5,False,13389.233684210529
0.1809447987420935,0.0514125,18508.5,0.2166764293135541,0.4686596550493113,,True,,False,4214.361479276521,-4471,7.333333333333333,360000.0,False,5560.60673076923,0.8076923076923077,5.0,,15930.0,6.0,False,-0.116823502409915,2,360000.0,0.149345516037412,4165.2726431500005,4.2727272727272725,0.5678210448594472,1.0717956070255483,-186.33333333333331,False,13029.604615384616
0.0178766759701175,0.054395,48955.5,0.0054499494531667,0.228883416700673,0.0333333333333333,False,0.1333333333333333,False,2431.781016635897,-2176,21.2,900000.0,True,-10131.837662337664,0.0,8.181818181818182,0.0,93026.88,,True,-0.0411925832279814,1,900000.0,0.0080838403691175,335.2440901562176,19.68421052631579,,0.9579862942616848,-453.8333333333333,True,62607.81740259741
0.1173906536929499,0.0362958115183246,12478.5,0.0877908833791297,0.6127042441012546,0.3333333333333333,True,6.142857142857143,False,5349.559566832508,-4237,0.0,343800.0,False,0.0,0.0,8.5625,0.0,0.0,,False,,2,225000.0,0.1421022787978832,4842.854790292981,,,1.0,,False,1513.7690625
0.3162915673675316,0.0286588759042849,23175.0,0.2846468926530482,0.7165702448010511,,False,,False,10183.080942946865,-3922,33.0,808650.0,False,0.0,0.0,3.5,,0.0,,False,,2,675000.0,0.3236244900715712,9376.73830530244,3.0,0.7003336669821761,0.9467452682500828,-1043.0,False,10669.8525
0.0846382833920529,0.029356,33025.5,0.0412072642564337,0.6785676886853644,,True,,False,4738.027615008879,-1752,8.0,1125000.0,False,0.0,0.0,4.6923076923076925,0.0,0.0,,False,-0.02476478858008,2,1125000.0,0.1134688505427268,3092.532929180204,4.666666666666667,,1.1203889167083958,-1211.5,False,8397.079615384615
0.0243861020768268,0.0917178092269568,42637.5,0.0314305625354929,0.1351060157401717,0.3333333333333333,True,0.7454545454545455,False,1703.3293924755394,-2184,14.285714285714286,464877.0,False,874.301923076923,0.8290598290598291,21.299145299145295,0.0,67984.30350000001,,False,-0.0331332730411904,2,423000.0,0.0088041636656264,792.6001079844879,14.166666666666666,0.3742216996597355,0.8041004018815759,-296.0,False,10900.559615384616
0.2145174205460349,0.0423695598269063,47673.0,0.2730707759851509,0.6577838002083306,,False,,False,3354.843279903821,-2029,12.0,1125171.0,False,0.0,0.0,6.5,45891.0,0.0,,True,-0.0907980145093547,2,1035000.0,0.2787804870814991,5549.894170662183,6.0,,1.002503275313494,-59.0,False,11693.392500000002
0.1415014200143664,0.0507950530035335,7762.5,0.320095770559299,,0.1549295774647887,True,0.1549295774647887,False,1339.4928060966556,-2663,7.5,152820.0,False,257.4982173913043,2.626086956521739,30.24347826086957,,,,False,-0.072829131652661,2,135000.0,0.2204546034641357,4720.824951492048,5.8,0.3424215553116862,0.7136953511843428,-1228.0,False,3455.118391304348
0.0327606733943062,0.0389307994527219,27913.5,0.0970057297246438,0.3689687382528466,,False,,False,356.65360343096285,-4102,25.0,717003.0,True,0.0,0.088235294117647,9.735294117647058,0.0,270066.375,21.0,False,-0.1109803262148982,3,598500.0,0.0698044404470496,2250.201517366094,9.36111111111111,0.1731646905153536,0.983861574235254,-961.3333333333334,True,3166.287352941177
0.001422492907602,0.0792857142857142,37462.5,5.882599733124839e-05,0.1342654235549427,1.1428571428571428,False,1.2857142857142858,False,2155.3491037671515,-1056,4.8,472500.0,False,0.0,0.0,5.2,3125.97,41852.97,,False,-0.1259954831807916,2,472500.0,0.0003773383349802,23.643819295666148,4.55,,1.048320033599328,-237.66666666666663,False,6279.198
0.282017382890834,0.0367326732673267,16695.0,0.4268681279076851,0.7295666907060153,,True,,False,4017.695021449379,-4569,10.0,454500.0,False,0.0,0.0,4.0,8822.7,0.0,16.0,True,-0.0139842359521993,2,454500.0,0.4071405518672421,8779.368964579626,7.0,0.5053549390096785,1.021243411853286,73.0,False,9835.74
0.2828660828553095,0.0793,35685.0,0.366212639923315,0.8528284668510541,0.1585365853658536,True,0.1686746987951807,False,4698.830133388009,-1886,13.0,450000.0,False,29.296875,0.0520833333333333,57.328125,9144.765,0.0,,False,-0.1882122021700016,2,450000.0,0.4766056622142385,10249.92104560932,13.901960784313726,,0.9409197816340232,-1501.0,False,7574.523046875001
0.0490434596555506,0.0360978335092184,26167.5,0.0299075663348315,0.3139166772114369,0.0104166666666666,True,0.0104166666666666,False,4469.025290159775,-986,28.727272727272727,724905.0,False,-2651.4372857142857,0.0476190476190476,29.080952380952382,,13252.4685,,False,-0.0918940609951845,2,598500.0,0.0304167018282345,1690.2222315966612,19.491525423728813,,1.0020667329318362,-483.5,False,16262.39442857143
0.1394792080949066,0.0597849987784021,33034.5,0.1126942658942277,0.6738300778602003,,False,,False,5031.368245439568,-2806,24.0,552555.0,False,0.0,0.0,12.5,8823.06,145606.005,,False,-0.3119303426854727,2,477000.0,0.1856848617101299,5411.846575186299,12.0,,0.8019932204839761,-61.0,False,56242.50187500001
0.0201744331605861,0.0681302170283806,18364.5,0.0164939763840065,0.0963186927645401,1.0,False,2.375,False,3215.474456362952,-307,0.0,269550.0,False,0.0,0.0,9.555555555555555,,26381.25,,False,-0.0768066289538682,3,225000.0,0.0038390923014776,500.26060459143474,,,1.0,,False,1083.835
0.1922276429505503,0.0579151943462897,14751.0,0.270361892480153,,,False,,False,6181.417232342069,-3924,10.0,254700.0,False,0.0,0.0,4.0,,356089.5,,False,,1,225000.0,0.2026058323133991,9163.339930255845,6.875,,1.0212633451957296,59.0,False,11371.41
0.0309850643346871,0.105835635359116,16551.0,0.0357635157878891,0.1359510441732951,1.8333333333333333,True,4.722222222222222,False,2152.5259226669973,-2680,12.0,156384.0,False,1314.8660294117649,0.1078431372549019,14.019607843137257,8386.695,73485.8240625,4.0,False,-0.3376754426199431,1,135000.0,0.0094796853926652,760.1122234392009,8.033898305084746,0.4443662079056699,0.9552909649784658,-1064.142857142857,False,30706.131617647057
0.0460691230865072,0.0324730007239204,19782.0,0.0155286495005445,,,False,,False,5017.277647471282,-3032,12.0,609183.0,False,0.0,0.0,3.8666666666666663,5670.0,0.0,,False,-0.279156454248366,3,508500.0,0.0485563516444475,1782.493598963726,10.666666666666666,,0.9833670425778964,-406.3333333333333,False,14677.632
0.1322249757030086,0.0793444886106681,30001.5,0.1758530683868384,0.7352209993926424,2.6666666666666665,False,4.111111111111111,False,1605.2639154186431,-2421,3.0,378117.0,False,505.22625,0.6785714285714286,9.607142857142858,0.0,2220.1875,,False,-0.4142026787970685,2,342000.0,0.26436370488294,4268.460154508459,3.0,0.3677304296521355,0.9749279149396288,-275.0,False,9405.226607142857
0.1794618460251782,0.0304533043078453,29209.5,0.1787708166546888,0.7032033049040319,0.2,True,0.2222222222222222,False,5208.909779839976,-3491,35.142857142857146,959157.0,True,-196.1555590062112,0.124223602484472,31.84472049689441,0.0,69136.875,8.0,False,-0.286740114105843,3,828000.0,0.2493272039882091,7208.897734318942,19.823529411764707,,0.8169397311812421,-584.75,False,15980.813105590065
0.2861296156827715,0.0331567284967942,40468.5,0.3666200595134581,0.8716510650705064,,True,,False,5126.415733552918,-3402,24.0,1220521.5,False,0.0,0.0,11.0,,0.0,27.0,False,-0.0660669665167416,3,1093500.0,0.4927448677549838,11311.664952740788,14.0,,1.0,67.0,False,9570.465
0.1570554184176927,0.0979151943462897,24939.0,0.1804760780003227,,,True,,False,6016.429139767952,-4332,9.333333333333334,254700.0,False,0.0,0.0,5.117647058823529,,,,False,,2,225000.0,0.1655346925105431,7286.880185659175,5.789473684210527,,1.0900009741824583,-300.0,False,18561.00705882353
0.2903411065175989,0.05,40500.0,0.2746248152203523,0.4668640059537032,,False,,False,14525.19327470757,-4452,13.333333333333334,810000.0,False,0.0,0.75,3.8333333333333335,,84762.0,,True,,1,810000.0,0.1671688970847647,7910.430505029874,3.357142857142857,0.8108554548463949,1.0203305927501904,-621.6666666666666,False,20344.9875
0.0948924668794411,0.0426168905550348,22099.5,0.0478972333836033,0.7338145369642702,,True,,False,5446.9127891588505,-4618,19.33333333333333,518562.0,False,318.5158695652174,0.391304347826087,12.73913043478261,9995.895,74.1375,15.0,False,,2,463500.0,0.1375734665615391,3985.951933665904,14.872340425531917,,0.9372599830365882,-582.0,False,12401.647826086955
0.0425052838263138,0.0727666666666666,49117.5,0.0760516971452123,,,True,,False,423.306825745139,-2170,10.0,675000.0,True,0.0,0.0,5.0,,,,False,-0.111298127498422,2,675000.0,0.1074567395752391,1914.7496539659385,4.8,0.2110224839137779,0.9191493101327006,-56.0,False,7812.405000000001
0.2435111114103124,0.0993476488176134,6579.0,0.3510089943224395,0.6594055320683344,,True,,False,6068.948641286111,-4247,8.666666666666666,66222.0,False,662.199069767442,0.2093023255813953,4.511627906976744,,0.0,,False,,2,58500.0,0.3172400444209563,11396.779442713629,4.913043478260869,,1.0083661403704969,-1156.1666666666667,False,12732.973953488372
0.0667037603070117,0.0473931064572425,7821.0,0.0624982300820252,0.2778856891082046,,False,,False,3023.3299386135923,-2029,13.428571428571429,165024.0,True,-117.92625,0.0,4.25,18.72,2520.0,,False,-0.0904160664350478,3,108000.0,0.0366212472583086,1555.1982553769467,10.947368421052632,,0.8516642193794023,35.833333333333336,False,10918.37125
0.1774466314301092,0.05,15750.0,0.0819005124238671,0.5352762504724826,,False,,False,15493.202730588113,-3238,12.0,315000.0,False,0.0,0.0,4.0,0.0,156668.2875,,False,,2,315000.0,0.1120753932973153,4516.505835411938,9.666666666666666,0.8474917172845349,0.9044731135369574,144.0,False,10038.07285714286
0.0129205998779671,0.05,13500.0,0.0104135414277734,0.1419915427739129,,True,,False,1357.542377850641,-3453,18.0,270000.0,False,346.39200000000005,5.066666666666666,6.9,2704.23,15322.5,,False,-0.0499001996007984,3,270000.0,0.005460003755878,462.35912279093657,12.0,0.3360100088323002,1.00374961723875,-910.0,False,2046.564
0.1281362851271444,0.0578639240506329,16456.5,0.1944096349567075,0.3296550543128238,,True,,False,6227.01953122125,-4047,20.4,284400.0,False,-2230.922222222222,0.0864197530864197,7.074074074074074,,82635.75,,False,,2,225000.0,0.0834542580848475,6153.217341801871,20.5,,0.9239317437024605,-188.625,False,41667.55
0.0685069763955222,0.0561658601472375,22041.0,0.0556547333083721,,,False,0.0,False,2913.5366557690318,-1957,23.33333333333333,392427.0,True,0.0,0.0,6.938775510204081,0.0,,,False,-0.1023220486111111,1,324000.0,0.0919242842789076,3176.020152542016,17.236363636363638,0.397579526663775,0.9045062863003158,-248.6,False,39359.00295918367
0.188022312603986,0.042515,38263.5,0.1446329895005214,0.3842068130556564,,True,,False,14328.255242472696,-4688,12.0,900000.0,False,0.0,0.0,4.0,0.0,251358.0,,False,,3,900000.0,0.0905693548696584,5309.127639230491,9.0,0.7976147518428746,1.0000046380396552,133.0,False,32118.075
0.1615444657780667,0.0512674060471102,31909.5,0.1909404602911989,,,False,0.0,False,2073.3674428607583,-768,4.0,622413.0,True,1591.1595,0.6,2.8,,,3.0,False,-0.1612504633634004,1,495000.0,0.1702660993091833,2582.9634316738443,2.8260869565217392,,1.037524804206775,-424.4,True,14768.36325
0.1283404886775509,0.0571113074204947,5818.5,0.062191073455557,0.7850520263728172,,False,,False,7885.247770307208,-3174,19.2,101880.0,False,207.0321428571429,0.0549450549450549,11.31868131868132,0.0,0.0,,False,,2,90000.0,0.1734649298946892,5164.493142143879,11.076086956521738,0.5808318762942853,0.9029863893653408,-1336.0,False,7942.759120879122
0.1899151051526934,0.0371261481592114,71590.5,0.2638960032752325,,,False,,True,2168.414930974108,-1038,,1928304.0,False,,,,,,,True,-0.046195652173913,2,1800000.0,0.200168442778266,3175.790138710826,,,,,False,
0.2888921156533051,0.0378099814011159,43911.0,0.2682594168183074,0.7338145369642702,,False,0.0,False,5171.950063734491,-4629,21.0,1161360.0,False,170.85923076923078,8.025641025641026,5.923076923076923,0.0,0.0,,False,-0.3519960652512501,2,900000.0,0.3255794269729639,5412.462181621476,14.807692307692308,0.6511260126345833,0.7896287281066412,-421.3333333333333,False,31641.53769230769
0.2226367464876887,0.0668,6012.0,0.1807215046755469,0.4507472818545589,0.238095238095238,True,0.238095238095238,False,9953.617490173245,-4349,18.857142857142858,90000.0,False,107.52815789473684,0.1052631578947368,29.08187134502924,30730.05,46494.306818181816,,False,-0.5266536251375474,2,90000.0,0.1286484599456882,4668.761393597481,10.807692307692308,0.78005526348807,0.7282755382345163,-650.2,False,3566.5502631578947
0.2980522922421931,0.0324414672552208,22621.5,0.4100597836976019,0.7886807751817684,,False,,False,5337.148665046136,-2911,36.0,697302.0,False,563.5945945945946,0.6486486486486487,9.756756756756756,0.0,0.0,,False,-0.6464230571281523,2,499500.0,0.4485134498983815,11049.611713328606,18.11111111111111,0.5241049358576307,1.0641476280016915,-210.0,False,17038.347567567565
0.1890549796993376,0.0444555873925501,13963.5,0.2563440529290788,0.5442347412142162,,False,,False,5455.623340630154,-545,15.0,314100.0,True,0.0,1.7,6.3,,322625.25,14.0,True,-0.008781404085466,2,225000.0,0.2032782978467613,7953.941607970445,12.15,,0.97890880917052,-1242.0,True,20401.62525
0.1048871108193994,0.038085581018049,12676.5,0.1045701979507993,0.3962195720630885,1.119047619047619,True,1.119047619047619,False,3530.645058022845,-5580,21.666666666666668,332842.5,False,-349.5222972972973,0.2432432432432432,28.804054054054053,,0.0,,False,-0.235617056478905,3,234000.0,0.0806506462909836,2706.6094644119544,26.1,0.5152881976153763,0.8380312348065653,-218.6,False,9807.354425675676
0.2034821163532268,0.0423259493670886,19260.0,0.1628326132050229,0.5797274227921155,,True,,False,10103.145731752433,-5026,6.8,455040.0,True,0.0,0.0909090909090909,4.090909090909091,0.0,87590.57142857143,17.0,False,,2,360000.0,0.1781174474304283,7077.045388594103,3.6666666666666665,0.6622830306605294,1.0961372263321916,-1045.2,False,7653.455454545455
0.1603746894994779,0.0360842541436464,28215.0,0.2299927830599062,0.4365064990977374,,False,,False,4242.807144596196,-105,10.0,781920.0,False,0.0,0.0,5.5,,177883.5,,False,-0.0142503472012559,2,675000.0,0.1383066861347162,5247.337745970591,5.0,,1.1111111111111112,-1473.0,False,3310.5825000000004
0.2894587129062707,0.0332900305912919,17874.0,0.3788462869214694,0.8224987619370829,0.3541666666666667,True,0.3958333333333333,False,4011.8417024533264,-2920,18.0,536917.5,True,-1484.792325,0.0,81.225,,0.0,,False,-0.3119302949061662,2,463500.0,0.4591286531228564,8328.52257243522,15.482758620689657,0.5185462318196954,1.003785049056228,-1114.5,False,10731.615075000002
0.0189649443098615,0.0468543593130779,25537.5,0.0395391616660281,0.0861616623809292,,True,,True,1041.8153641136594,-2346,34.0,545040.0,False,-4285.714285714285,0.0,6.619047619047619,,332002.8,10.0,False,-0.1351844345358735,2,450000.0,0.005029037021949,575.9700539805029,27.5,0.3249232649446889,0.8868878184655742,513.0,False,30113.68071428572
0.2370133188946107,0.0293514147304761,34245.0,0.2861656732895709,0.7662336700704004,,True,,False,4181.3208989164,-5233,35.0,1166724.0,True,2217.0227586206897,0.896551724137931,5.655172413793103,16965.0,117891.69230769233,8.0,True,-0.395747809570492,3,913500.0,0.3587984981748325,7642.512352887607,15.0625,,0.8984952037347828,143.0,False,46756.33137931035
0.1650689125635255,0.027594684385382,37377.0,0.160115515886889,0.6642482627052363,,True,,False,3870.8153582334353,-4673,7.0,1354500.0,False,0.0,0.0,3.583333333333333,,30415.5,,True,-0.2471374677344629,2,1354500.0,0.2166268827646564,4927.398015858436,3.6666666666666665,,1.021177002853762,-1049.0,False,16633.77375
